stat,Eco2,d_CO2,Fland,Focean,Cv,Cs,NPP,CO2,ERFx,T,d_T,d_OHC,d_Hthx,d_Htot,Htot,logit_ff
mean,11.0,2.4011299435028244,145.0,105.0,450.0,1088.0,55.0,401.21999999999997,0.5611499017757736,0.9951820222796883,0.028615453238241585,0.7187437286969515,1.39,3.69,88.94999999999999,1.3678475464038993
std,0.8602325267042626,0.009416195856873822,35.0,20.0,49.5,249.3120534591138,5.0,0.09999999999999999,0.5290188918217777,0.06526328333506154,0.0016900729548666945,0.16502747092000733,0.39817629179331304,0.2917933130699088,32.351638365163815,0.36582352442538413
is_sum,False,False,True,True,False,False,False,False,False,False,False,False,False,False,False,False
is_mean,True,True,False,False,True,True,True,True,True,True,True,True,True,True,False,True
is_diff,False,False,False,False,False,False,False,False,False,False,False,False,False,False,True,False
period,"(2010, 2019)","(2010, 2019)","(1959, 2019)","(1959, 2019)","(1750, 1750)","(1750, 1750)","(1998, 2002)","(2011, 2020)","(2010, 2019)","(2001, 2020)","(2000, 2019)","(2006, 2018)","(2006, 2018)","(2006, 2018)","(1901, 1990)","(1750, 1750)"
units,PgC yr-1,ppm yr-1,PgC,PgC,PgC,PgC,PgC yr-1,ppm,W m-2,K,K yr-1,W m-2,mm yr-1,mm yr-1,mm,1
